shoes name	price
HINDON Men's White PU Speed Form High Ankle Basketball Shoes (Size 8 UK/IND)	1,099
HINDON Men's Black PU Speed Form High Ankle Basketball Shoes (Size 9 UK/IND)	1,099
Li-Ning ABPN031 Magic Cloud On Court Basketball Shoes	5,499
Nivia Men's Panther-1 Basketball Shoes	1,240
Nivia Heat Basketball Shoes	1,299
Nivia Typhoon Basketball Shoes	1,699
Nivia Warrior Men's PU Synthetic Leather Basketball Shoes	1,399
Nivia Combat 1 Basketball Shoes	1,410
Fila Men's Erupt Mid Basketball Shoes	2,459
ZIGARO Beef Basketball Shoe	999
Vector X BB-19 Basketball Shoes for Men's (Black-Red)	2,060
Nivia Phantom Basketball Shoes	867
Nivia Men's Black Blue Faux Leather Warrior -1 Basketball Shoes (8)	1,410
ASICS Men's Lyte Nova Basketball Shoes	3,361
SPARTAN Men's Power Basketball Shoes	1,299
Fila Men's Baller Mid Basketball Shoes	3,899
Vector X Boost Basketball Shoes(Black-Green)	1,300
Ryko Men's High Top Shoes	622
Zebx High Ankle Casual Basketball Sneakers Shoes for Mens	399
Furo by Red Chief Men's Sports Walking Shoes W3010	1,756
Furo by Red Chief Men's Sports Walking Shoes W3011	1,676
FURO by Red Chief Men Sports Running Shoes R1014	1,676
RXN Men's Bx 14 Boxing Shoes UK	1,599
xAQUA Basketball Red Black Basketball Shoes for Men Boys Women Girls Junior PU Material Non Marking Sole Outdoor Indoor Playing - Best in Running Walking Sports Jogging	689
Bacca Bucci Men's Running Shoes	944
Fila Men's Freethrow Ii Basketball Shoes	1,519
Vector X Boost Basketball Shoes, (Black/Orange)	1,285
Qualida 2019 Kwazi Causal & Sport Shoe ART-2019	399
Nivia Typhoon Basketball Shoe	1,186
ASIAN Women's Elasto-02 Flyknit Socks Sneakers,Ultra-Lightweight, Breathable, Walking, Running Running Shoes Fabric Sports Shoes	629
Shoe Island ® Revo-X ™ Popular Zip Black Mesh College Casual Running Trainer Gym Sports Shoes	999
ZIGARO Beef Basketball Shoe	5,499
Li-Ning ABPN031 Magic Cloud On Court Basketball Shoes	3,499
Adidas Men's Speedend2end Basketball Shoes	999
Bacca Bucci Men's Running Shoes	2,682
Adidas Men's Hoops 2.0 Mid Basketball Shoes	2,915
Adidas Men's Basketball Shoes	879
Tradico Men's Outdoor Basketball Sports Athletic Air Cushion Shock Absorber Shoes	848
WOODBAY Mens Grey Running Shoes	2,131
Lotto Men's Vertigo Running Shoes	779
361 Degree Men's Basketball Shoes	1,418
navik White Basketball Shoes for Men Boys Women Girls Junior PU Material Non Marking Sole Outdoor Indoor Playing - Best in Running Walking Sports Jogging	3,899
Vector X Slamdunk Basketball Shoes (Black-Green)	2,313
Fila Men's Wing Mid Basketball Shoes	2,159
361 Degree Men's Basketball Shoes	585
Puma Men's Rebound BBX Mesh IDP Sneakers	4,395
Jordans Air 4 Retro Tattoo Red Black Basket Ball Shoes	4,895
Nivia Engraver Basketball	2,537
Nike Precision III Sports Running Shoe for Men	7,499
Nike Air Precision II Basketball Sports Shoes for Men	1,237
Peak Men's Basketball Shoes	1,587
Li-Ning ABAN045 Power V Professional Basketball Shoes	1,299
Nivia 178BL Mesh Panther-1 Basketball Shoes, 5 (Blue)	999
shoes name	price
HINDON Men's White PU Speed Form High Ankle Basketball Shoes (Size 11 UK/IND)	1,099
Li-Ning ABPN031 Magic Cloud On Court Basketball Shoes	5,499
REFOAM Men's D4 Blue Sport Shoes	1,199
Li-Ning ABAN045 Power V Professional Basketball Shoes	7,499
ZEEFOX Men's Ryder Non-marking PU Badminton Shoes	999
361 Degree Men's Basketball Shoes	2,313
Nike Men's Zoom Evidence Ii Basketball Shoes	4,603
TRASE SRV Champion Men Sports Shoes	399
Victall V-001 Super Grand White Boy's Basketball Shoe (Pure White)	899
Fila Men's Isonzo II Sneakers	1,685
Fila Men's Wing Mid Basketball Shoes	3,899
Lee Cooper Men's Basketball Shoes	1,539
ETHICS Perfect Ultra Lite Sport Shoes for Men	360
Nivia Warrior 1 Basketball Shoes	1,298
Furo by Red Chief Men's Sports Walking Shoes W3010	1,756
Shoe Dog: A Memoir by the Creator of Nike	247.
361 Degree Men's Basketball Shoes	1,997
Nike Men's Air Versitile Ii Basketball Shoes	3,562
TRASE SRV Parker Kids & Boys Sports Running Shoes	499
Nike Men's Fly.by Low Basketball Shoes	3,295
One Tree Hill: The Complete Third Season	165
Generic Silicone Gel Shock Cushion Plantar Heel Support Pad Cup Orthotic Insole (Large, Multicolour)	1,350
Vector X Slam Dunk Basketball Shoes	499
TRASE SRV Air Kids & Boys Sports Shoes	4,408
ASICS Men's Gelhoop V11 Basketball Shoes	453
Nivia Premier Carbonite Synthetic Football Studs	3,840
Nike Men's Air Precision Basketball Shoes	789
Jordans Retro 4 NRG Raptor Basketball Shoes	2,065
Tradico Men's Outdoor Basketball Sports Athletic Shoes Air Cushion Shock Absorber Shoes	3,620
xAqua Pavoo XAP-876 Badminton Shoes Light Weight & Comfortable Unisex Shoes For ( Men, Boys, Women, Girls & Junior ) PU Material Non Marking Sole Outdoor Indoor Playing - Best in Badminton Shoes, Volleyball Shoes, Baseball Shoes, Use For Nursing Training, Walking, Running, Jogging, Cycling, Gymnastic, Sports Shoes	1,299
Vector X BB-19 Basketball Shoes for Men's (Blue-Black)	478
Adidas Men's Basketball Shoes	3,566
Nivia Phantom Basketball Shoes	2,311
Sparx Men's Sm-323 Dip Canvas Shoes - Black	749
Nike Men's Court Borough MID Basketball Shoes	1,906
361 Degree Men's Basketball Shoes	3,149
xAQUA Sports Unisex Yellow Black Badminton Shoes Men's	3,995
361 Degree Men's Basketball Shoes	1,909
Puma Unisex's Sneakers	3,995
Nike Men's Fly.by Low II Black-Red Basketball Shoes (AJ5902-006)	4,499
Peak Men's Basketball Shoes	499
Nike Men's Fly.by Low Ii Basketball Shoes	2,579
ASICS Men's Gelburst 22 Ge Basketball Shoes	6,999
Essence Men's Vc 3101 High Top Synthetic Shoes - Black	599
Reebok Boy's Basketball Shoes UK/India (33 EU) (2.5 US) (CN1356-2.5-Black/Pewter)	537
Li-Ning ABAN027 Sonic VI Professional Basketball Shoes	4,990
Real Blue Synthetic Leather Casual Sneakers Shoes for Men	449
Shoebook Mens Mesh Authentic Sneakers	3,975
underarmour ua Curry 6 White/Grey	769
Combit Shoes for Women	1,099
Nike Men's Black/White Fly by Low Running Shoes (908973-001)	499
NIVIA Snake Jogger Shoe	1,199
HINDON Men's Black PU Speed Form High Ankle Basketball Shoes (Size 7 UK/IND)	1,640
shoes name	price
Li-Ning ABPN031 Magic Cloud On Court Basketball Shoes	5,499
HINDON Men's White PU Speed Form High Ankle Basketball Shoes (Size 6 UK/IND)	1,099
Adidas Men's Drogon Sl M Running Shoes	2,699
ZEEFOX Men's Ryder Non-marking PU Badminton Shoes	999
Vetro Power Footwear Protection 100ml (Shoe Spray)	1,000
Nike Men's Court Borough MID Basketball Shoes	2,944
Adidas Men's VS PACE Basketball Shoes	2,972
ASICS Men's Blaze Nova Basketball Shoes	5,388
Livia Men's Linum LBS-99 Non Marking Badminton Shoes - Grey Parrot	579
Nike Men's Dilatta Basketball Shoes	3,228
Adidas Men's Vs Pace Basketball Shoes	3,399
361 Degree Men's Basketball Shoes	2,246
TRASE SRV Mirage Kids & Boys Sports Running Shoe	499
361 Degree Men's Basketball Shoes	2,203
Nike Men's Jordan Fly Lockdown Basketball Shoes	7,142
Livia L-Cup-023 Non Marking Sole Best Playing in Badminton & Other Games Basketball, Volleyball, Gymnastic, Running, Walking Sports Shoes	599
US LITE Lebron 16 XVI Basketball Shoes for Men	5,999
WOODBAY Men's Air Series Mesh Casual,Walking,Running/Gymwear Shoes	495
Livia HUGO-L20 Badminton Unisex Shoes for Men, Boys, Women, Girls & Junior Playing - Best in Badminton, Volleyball, Basketball, Tennis Sports Shoes	590
Angel Fashion Basketball Slipper for Men	348
Riyaan White Basketball Shoes for Men Boys Women Girls Junior PU Material Non Marking Sole Outdoor Indoor Playing - Best in Running Walking Sports Jogging	779
Nike Men's Court Borough Low Basketball Shoes	2,735
361 Degree Men's Basketball Shoes	2,152
Tradico Men's Outdoor Basketball Sports Athletic Shoes Air Cushion Shock Absorber Shoes	2,176
361 Degree Men's Basketball Shoes	4,790
UnderArmour Curry 6" Coy Fish	999
Bacca Bucci Men's Hiking Shoes	2,313
361 Degree Men's Basketball Shoes	5,568
US LITE Air More Uptempo Shoes for Men	2,218
Peak Men's Basketball Shoes	1,999
Puma Women's Vikky Stacked Ribbon P Sneakers	2,474
Peak Men's Basketball Shoes	640
Galvin Sports Men's Badminton Shoes	799
VSS Men's Synthetic Leather Basketball Shoes	1,198
Bacca Bucci Men's Lightweight Breathable Basketball Hi-Top Trainers Sneakers/Shoes-Red	213
Clarence and the reverse basketball shoes	1,264
Spalding NBA Player Multicolor Size 7 Basketball	5,999
US LITE Lebron 15 Machine 61 EP Shoes for Men	4,609
ASICS Men's Gelhoop V 10 Basketball Shoes	1,099
Hawaii Five-0 - Season 3	1,652
ZEEFOX 0090F Men's Basketball Shoes Red	1,299
FURO (by Red Chief Men's B8000 Basketball Shoes	710
Nivia Phantom Basketball Shoes -Red Blue (10)	2,590
Sparx Men's Running Shoes	4,574
Peak Men's Basketball Shoes	2,568
Nike Men's Zoom Live Ii Basketball Shoes	399
Peak Men's Basketball Shoes	3,950
LOOPS ATHLETIC NO TIE LACES: Elastic Laces with Patented Design to help you Train Insane, For Running, Marathons, Mountaineering, Triathlon, Golf, Football, Tennis and other Athletic Activities, For Men, Women, Kids, Senior Citizens, Special needs, 100% Satisfaction Guarantee	399
club 21 PG 1 Paul George Basketball Shoes	1,676
Auxter Leatherite Gym Bag Duffel Bag Emboss Logo (Brown)	3,185
FURO by Red Chief Men Sports Running Shoes R1014	499
adidas neo Men's Pace VS Leather Sneakers	699
ROADSTAG Brand Casual Mesh High Ankle Sport Shoes for Men College Wear	899
Shoebook Velcro Sports Shoes	499
shoes name	price
Li-Ning ABPN031 Magic Cloud On Court Basketball Shoes	5,499
HINDON Men's White PU Speed Form High Ankle Basketball Shoes (Size 6 UK/IND)	1,099
Adidas Men's Drogon Sl M Running Shoes	2,699
ZEEFOX Men's Ryder Non-marking PU Badminton Shoes	999
Vetro Power Footwear Protection 100ml (Shoe Spray)	1,000
Nike Men's Court Borough MID Basketball Shoes	2,944
Adidas Men's VS PACE Basketball Shoes	2,972
ASICS Men's Blaze Nova Basketball Shoes	5,388
Livia Men's Linum LBS-99 Non Marking Badminton Shoes - Grey Parrot	579
Nike Men's Dilatta Basketball Shoes	3,228
Adidas Men's Vs Pace Basketball Shoes	3,399
361 Degree Men's Basketball Shoes	2,246
TRASE SRV Mirage Kids & Boys Sports Running Shoe	499
361 Degree Men's Basketball Shoes	2,203
Nike Men's Jordan Fly Lockdown Basketball Shoes	7,142
Livia L-Cup-023 Non Marking Sole Best Playing in Badminton & Other Games Basketball, Volleyball, Gymnastic, Running, Walking Sports Shoes	599
US LITE Lebron 16 XVI Basketball Shoes for Men	5,999
WOODBAY Men's Air Series Mesh Casual,Walking,Running/Gymwear Shoes	495
Livia HUGO-L20 Badminton Unisex Shoes for Men, Boys, Women, Girls & Junior Playing - Best in Badminton, Volleyball, Basketball, Tennis Sports Shoes	590
Angel Fashion Basketball Slipper for Men	348
Riyaan White Basketball Shoes for Men Boys Women Girls Junior PU Material Non Marking Sole Outdoor Indoor Playing - Best in Running Walking Sports Jogging	779
Nike Men's Court Borough Low Basketball Shoes	2,735
361 Degree Men's Basketball Shoes	2,152
Tradico Men's Outdoor Basketball Sports Athletic Shoes Air Cushion Shock Absorber Shoes	2,176
361 Degree Men's Basketball Shoes	4,790
UnderArmour Curry 6" Coy Fish	999
Bacca Bucci Men's Hiking Shoes	2,313
361 Degree Men's Basketball Shoes	5,568
US LITE Air More Uptempo Shoes for Men	2,218
Peak Men's Basketball Shoes	1,999
Puma Women's Vikky Stacked Ribbon P Sneakers	2,474
Peak Men's Basketball Shoes	640
Galvin Sports Men's Badminton Shoes	799
VSS Men's Synthetic Leather Basketball Shoes	1,198
Bacca Bucci Men's Lightweight Breathable Basketball Hi-Top Trainers Sneakers/Shoes-Red	213
Clarence and the reverse basketball shoes	1,264
Spalding NBA Player Multicolor Size 7 Basketball	5,999
US LITE Lebron 15 Machine 61 EP Shoes for Men	4,609
ASICS Men's Gelhoop V 10 Basketball Shoes	1,099
Hawaii Five-0 - Season 3	1,652
ZEEFOX 0090F Men's Basketball Shoes Red	1,299
FURO (by Red Chief Men's B8000 Basketball Shoes	710
Nivia Phantom Basketball Shoes -Red Blue (10)	2,590
Sparx Men's Running Shoes	4,574
Peak Men's Basketball Shoes	2,568
Nike Men's Zoom Live Ii Basketball Shoes	399
Peak Men's Basketball Shoes	3,950
LOOPS ATHLETIC NO TIE LACES: Elastic Laces with Patented Design to help you Train Insane, For Running, Marathons, Mountaineering, Triathlon, Golf, Football, Tennis and other Athletic Activities, For Men, Women, Kids, Senior Citizens, Special needs, 100% Satisfaction Guarantee	399
club 21 PG 1 Paul George Basketball Shoes	1,676
Auxter Leatherite Gym Bag Duffel Bag Emboss Logo (Brown)	3,185
FURO by Red Chief Men Sports Running Shoes R1014	499
adidas neo Men's Pace VS Leather Sneakers	699
ROADSTAG Brand Casual Mesh High Ankle Sport Shoes for Men College Wear	899
Shoebook Velcro Sports Shoes	499
shoes name	price
Li-Ning ABPN031 Magic Cloud On Court Basketball Shoes	5,499
HINDON Men's White PU Speed Form High Ankle Basketball Shoes (Size 6 UK/IND)	1,099
Adidas Men's Drogon Sl M Running Shoes	2,699
ZEEFOX Men's Ryder Non-marking PU Badminton Shoes	999
Vetro Power Footwear Protection 100ml (Shoe Spray)	1,000
Nike Men's Court Borough MID Basketball Shoes	2,944
Adidas Men's VS PACE Basketball Shoes	2,972
ASICS Men's Blaze Nova Basketball Shoes	5,388
Livia Men's Linum LBS-99 Non Marking Badminton Shoes - Grey Parrot	579
Nike Men's Dilatta Basketball Shoes	3,228
Adidas Men's Vs Pace Basketball Shoes	3,399
361 Degree Men's Basketball Shoes	2,246
TRASE SRV Mirage Kids & Boys Sports Running Shoe	499
361 Degree Men's Basketball Shoes	2,203
Nike Men's Jordan Fly Lockdown Basketball Shoes	7,142
Livia L-Cup-023 Non Marking Sole Best Playing in Badminton & Other Games Basketball, Volleyball, Gymnastic, Running, Walking Sports Shoes	599
US LITE Lebron 16 XVI Basketball Shoes for Men	5,999
WOODBAY Men's Air Series Mesh Casual,Walking,Running/Gymwear Shoes	495
Livia HUGO-L20 Badminton Unisex Shoes for Men, Boys, Women, Girls & Junior Playing - Best in Badminton, Volleyball, Basketball, Tennis Sports Shoes	590
Angel Fashion Basketball Slipper for Men	348
Riyaan White Basketball Shoes for Men Boys Women Girls Junior PU Material Non Marking Sole Outdoor Indoor Playing - Best in Running Walking Sports Jogging	779
Nike Men's Court Borough Low Basketball Shoes	2,735
361 Degree Men's Basketball Shoes	2,152
Tradico Men's Outdoor Basketball Sports Athletic Shoes Air Cushion Shock Absorber Shoes	2,176
361 Degree Men's Basketball Shoes	4,790
UnderArmour Curry 6" Coy Fish	999
Bacca Bucci Men's Hiking Shoes	2,313
361 Degree Men's Basketball Shoes	5,568
US LITE Air More Uptempo Shoes for Men	2,218
Peak Men's Basketball Shoes	1,999
Puma Women's Vikky Stacked Ribbon P Sneakers	2,474
Peak Men's Basketball Shoes	640
Galvin Sports Men's Badminton Shoes	799
VSS Men's Synthetic Leather Basketball Shoes	1,198
Bacca Bucci Men's Lightweight Breathable Basketball Hi-Top Trainers Sneakers/Shoes-Red	213
Clarence and the reverse basketball shoes	1,264
Spalding NBA Player Multicolor Size 7 Basketball	5,999
US LITE Lebron 15 Machine 61 EP Shoes for Men	4,609
ASICS Men's Gelhoop V 10 Basketball Shoes	1,099
Hawaii Five-0 - Season 3	1,652
ZEEFOX 0090F Men's Basketball Shoes Red	1,299
FURO (by Red Chief Men's B8000 Basketball Shoes	710
Nivia Phantom Basketball Shoes -Red Blue (10)	2,590
Sparx Men's Running Shoes	4,574
Peak Men's Basketball Shoes	2,568
Nike Men's Zoom Live Ii Basketball Shoes	399
Peak Men's Basketball Shoes	3,950
LOOPS ATHLETIC NO TIE LACES: Elastic Laces with Patented Design to help you Train Insane, For Running, Marathons, Mountaineering, Triathlon, Golf, Football, Tennis and other Athletic Activities, For Men, Women, Kids, Senior Citizens, Special needs, 100% Satisfaction Guarantee	399
club 21 PG 1 Paul George Basketball Shoes	1,676
Auxter Leatherite Gym Bag Duffel Bag Emboss Logo (Brown)	3,185
FURO by Red Chief Men Sports Running Shoes R1014	499
adidas neo Men's Pace VS Leather Sneakers	699
ROADSTAG Brand Casual Mesh High Ankle Sport Shoes for Men College Wear	899
Shoebook Velcro Sports Shoes	499
shoes name	price
Li-Ning ABPN031 Magic Cloud On Court Basketball Shoes	5,499
HINDON Men's White PU Speed Form High Ankle Basketball Shoes (Size 6 UK/IND)	1,099
Adidas Men's Drogon Sl M Running Shoes	2,699
ZEEFOX Men's Ryder Non-marking PU Badminton Shoes	999
Vetro Power Footwear Protection 100ml (Shoe Spray)	1,000
Nike Men's Court Borough MID Basketball Shoes	2,944
Adidas Men's VS PACE Basketball Shoes	2,972
ASICS Men's Blaze Nova Basketball Shoes	5,388
Livia Men's Linum LBS-99 Non Marking Badminton Shoes - Grey Parrot	579
Nike Men's Dilatta Basketball Shoes	3,228
Adidas Men's Vs Pace Basketball Shoes	3,399
361 Degree Men's Basketball Shoes	2,246
TRASE SRV Mirage Kids & Boys Sports Running Shoe	499
361 Degree Men's Basketball Shoes	2,203
Nike Men's Jordan Fly Lockdown Basketball Shoes	7,142
Livia L-Cup-023 Non Marking Sole Best Playing in Badminton & Other Games Basketball, Volleyball, Gymnastic, Running, Walking Sports Shoes	599
US LITE Lebron 16 XVI Basketball Shoes for Men	5,999
WOODBAY Men's Air Series Mesh Casual,Walking,Running/Gymwear Shoes	495
Livia HUGO-L20 Badminton Unisex Shoes for Men, Boys, Women, Girls & Junior Playing - Best in Badminton, Volleyball, Basketball, Tennis Sports Shoes	590
Angel Fashion Basketball Slipper for Men	348
Riyaan White Basketball Shoes for Men Boys Women Girls Junior PU Material Non Marking Sole Outdoor Indoor Playing - Best in Running Walking Sports Jogging	779
Nike Men's Court Borough Low Basketball Shoes	2,735
361 Degree Men's Basketball Shoes	2,152
Tradico Men's Outdoor Basketball Sports Athletic Shoes Air Cushion Shock Absorber Shoes	2,176
361 Degree Men's Basketball Shoes	4,790
UnderArmour Curry 6" Coy Fish	999
Bacca Bucci Men's Hiking Shoes	2,313
361 Degree Men's Basketball Shoes	5,568
US LITE Air More Uptempo Shoes for Men	2,218
Peak Men's Basketball Shoes	1,999
Puma Women's Vikky Stacked Ribbon P Sneakers	2,474
Peak Men's Basketball Shoes	640
Galvin Sports Men's Badminton Shoes	799
VSS Men's Synthetic Leather Basketball Shoes	1,198
Bacca Bucci Men's Lightweight Breathable Basketball Hi-Top Trainers Sneakers/Shoes-Red	213
Clarence and the reverse basketball shoes	1,264
Spalding NBA Player Multicolor Size 7 Basketball	5,999
US LITE Lebron 15 Machine 61 EP Shoes for Men	4,609
ASICS Men's Gelhoop V 10 Basketball Shoes	1,099
Hawaii Five-0 - Season 3	1,652
ZEEFOX 0090F Men's Basketball Shoes Red	1,299
FURO (by Red Chief Men's B8000 Basketball Shoes	710
Nivia Phantom Basketball Shoes -Red Blue (10)	2,590
Sparx Men's Running Shoes	4,574
Peak Men's Basketball Shoes	2,568
Nike Men's Zoom Live Ii Basketball Shoes	399
Peak Men's Basketball Shoes	3,950
LOOPS ATHLETIC NO TIE LACES: Elastic Laces with Patented Design to help you Train Insane, For Running, Marathons, Mountaineering, Triathlon, Golf, Football, Tennis and other Athletic Activities, For Men, Women, Kids, Senior Citizens, Special needs, 100% Satisfaction Guarantee	399
club 21 PG 1 Paul George Basketball Shoes	1,676
Auxter Leatherite Gym Bag Duffel Bag Emboss Logo (Brown)	3,185
FURO by Red Chief Men Sports Running Shoes R1014	499
adidas neo Men's Pace VS Leather Sneakers	699
ROADSTAG Brand Casual Mesh High Ankle Sport Shoes for Men College Wear	899
Shoebook Velcro Sports Shoes	499
