shoes name,priceVector X BB-19 Basketball Shoes for Men's (Black-Red),₹2,061
Vector X BB-19 Basketball Shoes for Men's (Blue-Black),₹2,066
HINDON Men's White PU Speed Form High Ankle Basketball Shoes (Size 6 UK/IND),₹1,099
HINDON Men's Black PU Speed Form High Ankle Basketball Shoes (Size 9 UK/IND),₹1,099
Nivia Typhoon Basketball Shoes,₹1,699
Nivia Men's Panther-1 Basketball Shoes,₹1,149
Nivia Heat Basketball Shoes,₹1,320
Nivia Warrior Men's PU Synthetic Leather Basketball Shoes,₹1,399
Nivia Combat 1 Basketball Shoes,₹1,410
Nivia Phantom Basketball Shoes,₹864
underarmour Stephen Curry 6,₹4,890
ZIGARO Beef Basketball Shoe,₹999
Fila Men's Wing Mid Basketball Shoes,₹3,899
Vector X BB-19 Basketball Shoes for Men's (Black-Red),₹2,060
ASICS Men's Lyte Nova Basketball Shoes,₹3,361
Reebok Boy's Basketball Shoes UK/India (33 EU) (2.5 US) (CN1356-2.5-Black/Pewter),₹2,579
Fila Men's Erupt Mid Basketball Shoes,₹2,459
Ryko Men's High Top Shoes,₹622
Bacca Bucci Men's Running Shoes,₹949
Zebx High Ankle Casual Basketball Sneakers Shoes for Mens,₹399
Furo by Red Chief Men's Sports Walking Shoes W3010,₹1,645
Furo by Red Chief Men's Sports Walking Shoes W3011,₹1,780
REFOAM Men's D4 Blue Sport Shoes,₹1,199
Port Men's Black Running Pu Sports Shoes,₹999
Bacca Bucci Men's Running Shoes,₹999
Nivia Men's Black Blue Faux Leather Warrior -1 Basketball Shoes (8),₹1,410
Nike Men's Air Versitile Ii Basketball Shoes,₹3,562
Fila Men's Baller Mid Basketball Shoes,₹3,899
Lotto Men's Vertigo Running Shoes,₹848
Adidas Men's Basketball Shoes,₹2,915
Tradico Men's Outdoor Basketball Sports Athletic Air Cushion Shock Absorber Shoes,₹585
Nivia Engraver Basketball,₹474
ASIAN Shoes Wonder-13 Grey Firozi Mesh Shoes,₹2,682
Adidas Men's Hoops 2.0 Mid Basketball Shoes,₹3,499
Adidas Men's Speedend2end Basketball Shoes,₹5,499
Li-Ning ABPN031 Magic Cloud On Court Basketball Shoes,₹1,299
SPARTAN Men's Power Basketball Shoes,₹1,561
Lee Cooper Men's Basketball Shoes,₹1,685
Shoe Island ® Revo-X ™ Popular Zip Black Mesh College Casual Running Trainer Gym Sports Shoes,₹1,652
Fila Men's Isonzo II Sneakers,₹899
FURO (by Red Chief Men's B8000 Basketball Shoes,₹2,159
Victall V-001 Super Grand White Boy's Basketball Shoe (Pure White),₹3,346
Puma Men's Rebound BBX Mesh IDP Sneakers,₹450
Nike Men's Dilatta Basketball Shoes,₹2,629
Nivia 5191 Dominator Polyester Shoes Bag (Blue),₹1,467
Nike Men's Air Versitile Iii Basketball Shoes,₹3,899
Jordans Air 4 Retro Tattoo Red Black Basket Ball Shoes,₹4,408
Lee Cooper Men's Basketball Shoes,₹4,790
Fila Men's Wing Mid Basketball Shoes,₹499
ASICS Men's Gelhoop V11 Basketball Shoes,₹999
UnderArmour Curry 6" Coy Fish,₹714
TRASE SRV Parker Kids & Boys Sports Running Shoes,₹499
ZIGARO Beef Basketball Shoe,₹879
